{"Vac": 400.0, "Pso": 20.0, "Paco": 4200.0, "Pdco": 4325.437693099, "Vdco": 570.0, "C0": 1.335e-06, "C1": 0.0, "C2": 0.0, "C3": -0.0004768538, "Pnt": 7.9, "Vdcmax": 900.0, "Idcmax": 13.0, "Mppt_low": 120.0, "Mppt_high": 720.0}